{
    "result" : {
        "isSuccess" : true,
        "message" : "success",
        "element" : [
            { "name": "Anthony", "phone": "0926366680", "email": "motx2152000@gmail.com.tw" },
            { "name": "Anthony", "phone": "0926366680", "email": "motx2152000@gmail.com.tw" },
            { "name": "Anthony", "phone": "0926366680", "email": "motx2152000@gmail.com.tw" },
            { "name": "Anthony", "phone": "0926366680", "email": "motx2152000@gmail.com.tw" }
          ]
    }
  }