{
    "data": {
        "noData": false,
        "items": [
            {
                "id": 1,
                "text": "json-server"
            },
            {
                "id": 1,
                "text": "json-server"
            },
            {
                "id": 1,
                "text": "json-server"
            },
            {
                "id": 1,
                "text": "json-server"
            },
            {
                "id": 1,
                "text": "json-server"
            },
            {
                "id": 1,
                "text": "json-server"
            },
            {
                "id": 1,
                "text": "json-server"
            },
            {
                "id": 1,
                "text": "json-server"
            },
            {
                "id": 1,
                "text": "json-server"
            },
            {
                "id": 1,
                "text": "json-server"
            }
        ]
    }
}