[{"href":"SMARTII.html","topicHref":"SMARTII.html","topicUid":"SMARTII","toc_title":"SMARTII","level":1,"relative_path_in_depot":"api/SMARTII.html","children":[{"href":"SMARTII.BundleConfig.html","topicHref":"SMARTII.BundleConfig.html","topicUid":"SMARTII.BundleConfig","toc_title":"BundleConfig","level":2,"relative_path_in_depot":"api/SMARTII.BundleConfig.html"},{"href":"SMARTII.FilterConfig.html","topicHref":"SMARTII.FilterConfig.html","topicUid":"SMARTII.FilterConfig","toc_title":"FilterConfig","level":2,"relative_path_in_depot":"api/SMARTII.FilterConfig.html"},{"href":"SMARTII.RouteConfig.html","topicHref":"SMARTII.RouteConfig.html","topicUid":"SMARTII.RouteConfig","toc_title":"RouteConfig","level":2,"relative_path_in_depot":"api/SMARTII.RouteConfig.html"},{"href":"SMARTII.Startup.html","topicHref":"SMARTII.Startup.html","topicUid":"SMARTII.Startup","toc_title":"Startup","level":2,"relative_path_in_depot":"api/SMARTII.Startup.html"},{"href":"SMARTII.WebApiApplication.html","topicHref":"SMARTII.WebApiApplication.html","topicUid":"SMARTII.WebApiApplication","toc_title":"WebApiApplication","level":2,"relative_path_in_depot":"api/SMARTII.WebApiApplication.html"},{"href":"SMARTII.WebApiConfig.html","topicHref":"SMARTII.WebApiConfig.html","topicUid":"SMARTII.WebApiConfig","toc_title":"WebApiConfig","level":2,"relative_path_in_depot":"api/SMARTII.WebApiConfig.html"}]},{"href":"SMARTII.Areas.HelpPage.html","topicHref":"SMARTII.Areas.HelpPage.html","topicUid":"SMARTII.Areas.HelpPage","toc_title":"SMARTII.Areas.HelpPage","level":1,"relative_path_in_depot":"api/SMARTII.Areas.HelpPage.html","children":[{"href":"SMARTII.Areas.HelpPage.ApiDescriptionExtensions.html","topicHref":"SMARTII.Areas.HelpPage.ApiDescriptionExtensions.html","topicUid":"SMARTII.Areas.HelpPage.ApiDescriptionExtensions","toc_title":"ApiDescriptionExtensions","level":2,"relative_path_in_depot":"api/SMARTII.Areas.HelpPage.ApiDescriptionExtensions.html"},{"href":"SMARTII.Areas.HelpPage.HelpPageAreaRegistration.html","topicHref":"SMARTII.Areas.HelpPage.HelpPageAreaRegistration.html","topicUid":"SMARTII.Areas.HelpPage.HelpPageAreaRegistration","toc_title":"HelpPageAreaRegistration","level":2,"relative_path_in_depot":"api/SMARTII.Areas.HelpPage.HelpPageAreaRegistration.html"},{"href":"SMARTII.Areas.HelpPage.HelpPageConfig.html","topicHref":"SMARTII.Areas.HelpPage.HelpPageConfig.html","topicUid":"SMARTII.Areas.HelpPage.HelpPageConfig","toc_title":"HelpPageConfig","level":2,"relative_path_in_depot":"api/SMARTII.Areas.HelpPage.HelpPageConfig.html"},{"href":"SMARTII.Areas.HelpPage.HelpPageConfigurationExtensions.html","topicHref":"SMARTII.Areas.HelpPage.HelpPageConfigurationExtensions.html","topicUid":"SMARTII.Areas.HelpPage.HelpPageConfigurationExtensions","toc_title":"HelpPageConfigurationExtensions","level":2,"relative_path_in_depot":"api/SMARTII.Areas.HelpPage.HelpPageConfigurationExtensions.html"},{"href":"SMARTII.Areas.HelpPage.HelpPageSampleGenerator.html","topicHref":"SMARTII.Areas.HelpPage.HelpPageSampleGenerator.html","topicUid":"SMARTII.Areas.HelpPage.HelpPageSampleGenerator","toc_title":"HelpPageSampleGenerator","level":2,"relative_path_in_depot":"api/SMARTII.Areas.HelpPage.HelpPageSampleGenerator.html"},{"href":"SMARTII.Areas.HelpPage.HelpPageSampleKey.html","topicHref":"SMARTII.Areas.HelpPage.HelpPageSampleKey.html","topicUid":"SMARTII.Areas.HelpPage.HelpPageSampleKey","toc_title":"HelpPageSampleKey","level":2,"relative_path_in_depot":"api/SMARTII.Areas.HelpPage.HelpPageSampleKey.html"},{"href":"SMARTII.Areas.HelpPage.ImageSample.html","topicHref":"SMARTII.Areas.HelpPage.ImageSample.html","topicUid":"SMARTII.Areas.HelpPage.ImageSample","toc_title":"ImageSample","level":2,"relative_path_in_depot":"api/SMARTII.Areas.HelpPage.ImageSample.html"},{"href":"SMARTII.Areas.HelpPage.InvalidSample.html","topicHref":"SMARTII.Areas.HelpPage.InvalidSample.html","topicUid":"SMARTII.Areas.HelpPage.InvalidSample","toc_title":"InvalidSample","level":2,"relative_path_in_depot":"api/SMARTII.Areas.HelpPage.InvalidSample.html"},{"href":"SMARTII.Areas.HelpPage.ObjectGenerator.html","topicHref":"SMARTII.Areas.HelpPage.ObjectGenerator.html","topicUid":"SMARTII.Areas.HelpPage.ObjectGenerator","toc_title":"ObjectGenerator","level":2,"relative_path_in_depot":"api/SMARTII.Areas.HelpPage.ObjectGenerator.html"},{"href":"SMARTII.Areas.HelpPage.SampleDirection.html","topicHref":"SMARTII.Areas.HelpPage.SampleDirection.html","topicUid":"SMARTII.Areas.HelpPage.SampleDirection","toc_title":"SampleDirection","level":2,"relative_path_in_depot":"api/SMARTII.Areas.HelpPage.SampleDirection.html"},{"href":"SMARTII.Areas.HelpPage.TextSample.html","topicHref":"SMARTII.Areas.HelpPage.TextSample.html","topicUid":"SMARTII.Areas.HelpPage.TextSample","toc_title":"TextSample","level":2,"relative_path_in_depot":"api/SMARTII.Areas.HelpPage.TextSample.html"},{"href":"SMARTII.Areas.HelpPage.XmlDocumentationProvider.html","topicHref":"SMARTII.Areas.HelpPage.XmlDocumentationProvider.html","topicUid":"SMARTII.Areas.HelpPage.XmlDocumentationProvider","toc_title":"XmlDocumentationProvider","level":2,"relative_path_in_depot":"api/SMARTII.Areas.HelpPage.XmlDocumentationProvider.html"}]},{"href":"SMARTII.Areas.HelpPage.Controllers.html","topicHref":"SMARTII.Areas.HelpPage.Controllers.html","topicUid":"SMARTII.Areas.HelpPage.Controllers","toc_title":"SMARTII.Areas.HelpPage.Controllers","level":1,"relative_path_in_depot":"api/SMARTII.Areas.HelpPage.Controllers.html","children":[{"href":"SMARTII.Areas.HelpPage.Controllers.HelpController.html","topicHref":"SMARTII.Areas.HelpPage.Controllers.HelpController.html","topicUid":"SMARTII.Areas.HelpPage.Controllers.HelpController","toc_title":"HelpController","level":2,"relative_path_in_depot":"api/SMARTII.Areas.HelpPage.Controllers.HelpController.html"}]},{"href":"SMARTII.Areas.HelpPage.ModelDescriptions.html","topicHref":"SMARTII.Areas.HelpPage.ModelDescriptions.html","topicUid":"SMARTII.Areas.HelpPage.ModelDescriptions","toc_title":"SMARTII.Areas.HelpPage.ModelDescriptions","level":1,"relative_path_in_depot":"api/SMARTII.Areas.HelpPage.ModelDescriptions.html","children":[{"href":"SMARTII.Areas.HelpPage.ModelDescriptions.CollectionModelDescription.html","topicHref":"SMARTII.Areas.HelpPage.ModelDescriptions.CollectionModelDescription.html","topicUid":"SMARTII.Areas.HelpPage.ModelDescriptions.CollectionModelDescription","toc_title":"CollectionModelDescription","level":2,"relative_path_in_depot":"api/SMARTII.Areas.HelpPage.ModelDescriptions.CollectionModelDescription.html"},{"href":"SMARTII.Areas.HelpPage.ModelDescriptions.ComplexTypeModelDescription.html","topicHref":"SMARTII.Areas.HelpPage.ModelDescriptions.ComplexTypeModelDescription.html","topicUid":"SMARTII.Areas.HelpPage.ModelDescriptions.ComplexTypeModelDescription","toc_title":"ComplexTypeModelDescription","level":2,"relative_path_in_depot":"api/SMARTII.Areas.HelpPage.ModelDescriptions.ComplexTypeModelDescription.html"},{"href":"SMARTII.Areas.HelpPage.ModelDescriptions.DictionaryModelDescription.html","topicHref":"SMARTII.Areas.HelpPage.ModelDescriptions.DictionaryModelDescription.html","topicUid":"SMARTII.Areas.HelpPage.ModelDescriptions.DictionaryModelDescription","toc_title":"DictionaryModelDescription","level":2,"relative_path_in_depot":"api/SMARTII.Areas.HelpPage.ModelDescriptions.DictionaryModelDescription.html"},{"href":"SMARTII.Areas.HelpPage.ModelDescriptions.EnumTypeModelDescription.html","topicHref":"SMARTII.Areas.HelpPage.ModelDescriptions.EnumTypeModelDescription.html","topicUid":"SMARTII.Areas.HelpPage.ModelDescriptions.EnumTypeModelDescription","toc_title":"EnumTypeModelDescription","level":2,"relative_path_in_depot":"api/SMARTII.Areas.HelpPage.ModelDescriptions.EnumTypeModelDescription.html"},{"href":"SMARTII.Areas.HelpPage.ModelDescriptions.EnumValueDescription.html","topicHref":"SMARTII.Areas.HelpPage.ModelDescriptions.EnumValueDescription.html","topicUid":"SMARTII.Areas.HelpPage.ModelDescriptions.EnumValueDescription","toc_title":"EnumValueDescription","level":2,"relative_path_in_depot":"api/SMARTII.Areas.HelpPage.ModelDescriptions.EnumValueDescription.html"},{"href":"SMARTII.Areas.HelpPage.ModelDescriptions.IModelDocumentationProvider.html","topicHref":"SMARTII.Areas.HelpPage.ModelDescriptions.IModelDocumentationProvider.html","topicUid":"SMARTII.Areas.HelpPage.ModelDescriptions.IModelDocumentationProvider","toc_title":"IModelDocumentationProvider","level":2,"relative_path_in_depot":"api/SMARTII.Areas.HelpPage.ModelDescriptions.IModelDocumentationProvider.html"},{"href":"SMARTII.Areas.HelpPage.ModelDescriptions.KeyValuePairModelDescription.html","topicHref":"SMARTII.Areas.HelpPage.ModelDescriptions.KeyValuePairModelDescription.html","topicUid":"SMARTII.Areas.HelpPage.ModelDescriptions.KeyValuePairModelDescription","toc_title":"KeyValuePairModelDescription","level":2,"relative_path_in_depot":"api/SMARTII.Areas.HelpPage.ModelDescriptions.KeyValuePairModelDescription.html"},{"href":"SMARTII.Areas.HelpPage.ModelDescriptions.ModelDescription.html","topicHref":"SMARTII.Areas.HelpPage.ModelDescriptions.ModelDescription.html","topicUid":"SMARTII.Areas.HelpPage.ModelDescriptions.ModelDescription","toc_title":"ModelDescription","level":2,"relative_path_in_depot":"api/SMARTII.Areas.HelpPage.ModelDescriptions.ModelDescription.html"},{"href":"SMARTII.Areas.HelpPage.ModelDescriptions.ModelDescriptionGenerator.html","topicHref":"SMARTII.Areas.HelpPage.ModelDescriptions.ModelDescriptionGenerator.html","topicUid":"SMARTII.Areas.HelpPage.ModelDescriptions.ModelDescriptionGenerator","toc_title":"ModelDescriptionGenerator","level":2,"relative_path_in_depot":"api/SMARTII.Areas.HelpPage.ModelDescriptions.ModelDescriptionGenerator.html"},{"href":"SMARTII.Areas.HelpPage.ModelDescriptions.ModelNameAttribute.html","topicHref":"SMARTII.Areas.HelpPage.ModelDescriptions.ModelNameAttribute.html","topicUid":"SMARTII.Areas.HelpPage.ModelDescriptions.ModelNameAttribute","toc_title":"ModelNameAttribute","level":2,"relative_path_in_depot":"api/SMARTII.Areas.HelpPage.ModelDescriptions.ModelNameAttribute.html"},{"href":"SMARTII.Areas.HelpPage.ModelDescriptions.ParameterAnnotation.html","topicHref":"SMARTII.Areas.HelpPage.ModelDescriptions.ParameterAnnotation.html","topicUid":"SMARTII.Areas.HelpPage.ModelDescriptions.ParameterAnnotation","toc_title":"ParameterAnnotation","level":2,"relative_path_in_depot":"api/SMARTII.Areas.HelpPage.ModelDescriptions.ParameterAnnotation.html"},{"href":"SMARTII.Areas.HelpPage.ModelDescriptions.ParameterDescription.html","topicHref":"SMARTII.Areas.HelpPage.ModelDescriptions.ParameterDescription.html","topicUid":"SMARTII.Areas.HelpPage.ModelDescriptions.ParameterDescription","toc_title":"ParameterDescription","level":2,"relative_path_in_depot":"api/SMARTII.Areas.HelpPage.ModelDescriptions.ParameterDescription.html"},{"href":"SMARTII.Areas.HelpPage.ModelDescriptions.SimpleTypeModelDescription.html","topicHref":"SMARTII.Areas.HelpPage.ModelDescriptions.SimpleTypeModelDescription.html","topicUid":"SMARTII.Areas.HelpPage.ModelDescriptions.SimpleTypeModelDescription","toc_title":"SimpleTypeModelDescription","level":2,"relative_path_in_depot":"api/SMARTII.Areas.HelpPage.ModelDescriptions.SimpleTypeModelDescription.html"}]},{"href":"SMARTII.Areas.HelpPage.Models.html","topicHref":"SMARTII.Areas.HelpPage.Models.html","topicUid":"SMARTII.Areas.HelpPage.Models","toc_title":"SMARTII.Areas.HelpPage.Models","level":1,"relative_path_in_depot":"api/SMARTII.Areas.HelpPage.Models.html","children":[{"href":"SMARTII.Areas.HelpPage.Models.HelpPageApiModel.html","topicHref":"SMARTII.Areas.HelpPage.Models.HelpPageApiModel.html","topicUid":"SMARTII.Areas.HelpPage.Models.HelpPageApiModel","toc_title":"HelpPageApiModel","level":2,"relative_path_in_depot":"api/SMARTII.Areas.HelpPage.Models.HelpPageApiModel.html"}]},{"href":"SMARTII.ASO.Domain.html","topicHref":"SMARTII.ASO.Domain.html","topicUid":"SMARTII.ASO.Domain","toc_title":"SMARTII.ASO.Domain","level":1,"relative_path_in_depot":"api/SMARTII.ASO.Domain.html","children":[{"href":"SMARTII.ASO.Domain.Item.html","topicHref":"SMARTII.ASO.Domain.Item.html","topicUid":"SMARTII.ASO.Domain.Item","toc_title":"Item","level":2,"relative_path_in_depot":"api/SMARTII.ASO.Domain.Item.html"}]},{"href":"SMARTII.ASO.Service.DI.html","topicHref":"SMARTII.ASO.Service.DI.html","topicUid":"SMARTII.ASO.Service.DI","toc_title":"SMARTII.ASO.Service.DI","level":1,"relative_path_in_depot":"api/SMARTII.ASO.Service.DI.html","children":[{"href":"SMARTII.ASO.Service.DI.ASOModule.html","topicHref":"SMARTII.ASO.Service.DI.ASOModule.html","topicUid":"SMARTII.ASO.Service.DI.ASOModule","toc_title":"ASOModule","level":2,"relative_path_in_depot":"api/SMARTII.ASO.Service.DI.ASOModule.html"}]},{"href":"SMARTII.ASO.Service.Mapper.html","topicHref":"SMARTII.ASO.Service.Mapper.html","topicUid":"SMARTII.ASO.Service.Mapper","toc_title":"SMARTII.ASO.Service.Mapper","level":1,"relative_path_in_depot":"api/SMARTII.ASO.Service.Mapper.html","children":[{"href":"SMARTII.ASO.Service.Mapper.MasterProfile.html","topicHref":"SMARTII.ASO.Service.Mapper.MasterProfile.html","topicUid":"SMARTII.ASO.Service.Mapper.MasterProfile","toc_title":"MasterProfile","level":2,"relative_path_in_depot":"api/SMARTII.ASO.Service.Mapper.MasterProfile.html"},{"href":"SMARTII.ASO.Service.Mapper.MasterProfile.ItemProfile.html","topicHref":"SMARTII.ASO.Service.Mapper.MasterProfile.ItemProfile.html","topicUid":"SMARTII.ASO.Service.Mapper.MasterProfile.ItemProfile","toc_title":"MasterProfile.ItemProfile","level":2,"relative_path_in_depot":"api/SMARTII.ASO.Service.Mapper.MasterProfile.ItemProfile.html"},{"href":"SMARTII.ASO.Service.Mapper.ProfileExpression.html","topicHref":"SMARTII.ASO.Service.Mapper.ProfileExpression.html","topicUid":"SMARTII.ASO.Service.Mapper.ProfileExpression","toc_title":"ProfileExpression","level":2,"relative_path_in_depot":"api/SMARTII.ASO.Service.Mapper.ProfileExpression.html"}]},{"href":"SMARTII.Assist.Converter.html","topicHref":"SMARTII.Assist.Converter.html","topicUid":"SMARTII.Assist.Converter","toc_title":"SMARTII.Assist.Converter","level":1,"relative_path_in_depot":"api/SMARTII.Assist.Converter.html","children":[{"href":"SMARTII.Assist.Converter.JsonConverter-1.html","topicHref":"SMARTII.Assist.Converter.JsonConverter-1.html","topicUid":"SMARTII.Assist.Converter.JsonConverter`1","name.vb":"JsonConverter(Of T)","toc_title":"JsonConverter<T>","level":2,"relative_path_in_depot":"api/SMARTII.Assist.Converter.JsonConverter-1.html"},{"href":"SMARTII.Assist.Converter.MutipartFromDataConverter.html","topicHref":"SMARTII.Assist.Converter.MutipartFromDataConverter.html","topicUid":"SMARTII.Assist.Converter.MutipartFromDataConverter","toc_title":"MutipartFromDataConverter","level":2,"relative_path_in_depot":"api/SMARTII.Assist.Converter.MutipartFromDataConverter.html"}]},{"href":"SMARTII.Assist.DI.html","topicHref":"SMARTII.Assist.DI.html","topicUid":"SMARTII.Assist.DI","toc_title":"SMARTII.Assist.DI","level":1,"relative_path_in_depot":"api/SMARTII.Assist.DI.html","children":[{"href":"SMARTII.Assist.DI.EntryBuilder.html","topicHref":"SMARTII.Assist.DI.EntryBuilder.html","topicUid":"SMARTII.Assist.DI.EntryBuilder","toc_title":"EntryBuilder","level":2,"relative_path_in_depot":"api/SMARTII.Assist.DI.EntryBuilder.html"},{"href":"SMARTII.Assist.DI.ServiceModule.html","topicHref":"SMARTII.Assist.DI.ServiceModule.html","topicUid":"SMARTII.Assist.DI.ServiceModule","toc_title":"ServiceModule","level":2,"relative_path_in_depot":"api/SMARTII.Assist.DI.ServiceModule.html"}]},{"href":"SMARTII.Assist.Mapper.html","topicHref":"SMARTII.Assist.Mapper.html","topicUid":"SMARTII.Assist.Mapper","toc_title":"SMARTII.Assist.Mapper","level":1,"relative_path_in_depot":"api/SMARTII.Assist.Mapper.html","children":[{"href":"SMARTII.Assist.Mapper.EntryProfile.html","topicHref":"SMARTII.Assist.Mapper.EntryProfile.html","topicUid":"SMARTII.Assist.Mapper.EntryProfile","toc_title":"EntryProfile","level":2,"relative_path_in_depot":"api/SMARTII.Assist.Mapper.EntryProfile.html"},{"href":"SMARTII.Assist.Mapper.MapperContainer.html","topicHref":"SMARTII.Assist.Mapper.MapperContainer.html","topicUid":"SMARTII.Assist.Mapper.MapperContainer","toc_title":"MapperContainer","level":2,"relative_path_in_depot":"api/SMARTII.Assist.Mapper.MapperContainer.html"},{"href":"SMARTII.Assist.Mapper.MapperExtension.html","topicHref":"SMARTII.Assist.Mapper.MapperExtension.html","topicUid":"SMARTII.Assist.Mapper.MapperExtension","toc_title":"MapperExtension","level":2,"relative_path_in_depot":"api/SMARTII.Assist.Mapper.MapperExtension.html"},{"href":"SMARTII.Assist.Mapper.MasterProfile.html","topicHref":"SMARTII.Assist.Mapper.MasterProfile.html","topicUid":"SMARTII.Assist.Mapper.MasterProfile","toc_title":"MasterProfile","level":2,"relative_path_in_depot":"api/SMARTII.Assist.Mapper.MasterProfile.html"},{"href":"SMARTII.Assist.Mapper.MasterProfile.ItemProfile.html","topicHref":"SMARTII.Assist.Mapper.MasterProfile.ItemProfile.html","topicUid":"SMARTII.Assist.Mapper.MasterProfile.ItemProfile","toc_title":"MasterProfile.ItemProfile","level":2,"relative_path_in_depot":"api/SMARTII.Assist.Mapper.MasterProfile.ItemProfile.html"},{"href":"SMARTII.Assist.Mapper.ProfileExpression.html","topicHref":"SMARTII.Assist.Mapper.ProfileExpression.html","topicUid":"SMARTII.Assist.Mapper.ProfileExpression","toc_title":"ProfileExpression","level":2,"relative_path_in_depot":"api/SMARTII.Assist.Mapper.ProfileExpression.html"}]},{"href":"SMARTII.Assist.Types.html","topicHref":"SMARTII.Assist.Types.html","topicUid":"SMARTII.Assist.Types","toc_title":"SMARTII.Assist.Types","level":1,"relative_path_in_depot":"api/SMARTII.Assist.Types.html","children":[{"href":"SMARTII.Assist.Types.TypeDetector.html","topicHref":"SMARTII.Assist.Types.TypeDetector.html","topicUid":"SMARTII.Assist.Types.TypeDetector","toc_title":"TypeDetector","level":2,"relative_path_in_depot":"api/SMARTII.Assist.Types.TypeDetector.html"}]},{"href":"SMARTII.Configuration.html","topicHref":"SMARTII.Configuration.html","topicUid":"SMARTII.Configuration","toc_title":"SMARTII.Configuration","level":1,"relative_path_in_depot":"api/SMARTII.Configuration.html","children":[{"href":"SMARTII.Configuration.DIConfig.html","topicHref":"SMARTII.Configuration.DIConfig.html","topicUid":"SMARTII.Configuration.DIConfig","toc_title":"DIConfig","level":2,"relative_path_in_depot":"api/SMARTII.Configuration.DIConfig.html"},{"href":"SMARTII.Configuration.MapperConfig.html","topicHref":"SMARTII.Configuration.MapperConfig.html","topicUid":"SMARTII.Configuration.MapperConfig","toc_title":"MapperConfig","level":2,"relative_path_in_depot":"api/SMARTII.Configuration.MapperConfig.html"}]},{"href":"SMARTII.Configuration.DI.html","topicHref":"SMARTII.Configuration.DI.html","topicUid":"SMARTII.Configuration.DI","toc_title":"SMARTII.Configuration.DI","level":1,"relative_path_in_depot":"api/SMARTII.Configuration.DI.html","children":[{"href":"SMARTII.Configuration.DI.WebModule.html","topicHref":"SMARTII.Configuration.DI.WebModule.html","topicUid":"SMARTII.Configuration.DI.WebModule","toc_title":"WebModule","level":2,"relative_path_in_depot":"api/SMARTII.Configuration.DI.WebModule.html"}]},{"href":"SMARTII.Controllers.html","topicHref":"SMARTII.Controllers.html","topicUid":"SMARTII.Controllers","toc_title":"SMARTII.Controllers","level":1,"relative_path_in_depot":"api/SMARTII.Controllers.html","children":[{"href":"SMARTII.Controllers.ValuesController.html","topicHref":"SMARTII.Controllers.ValuesController.html","topicUid":"SMARTII.Controllers.ValuesController","toc_title":"ValuesController","level":2,"relative_path_in_depot":"api/SMARTII.Controllers.ValuesController.html"}]},{"href":"SMARTII.Domain.Case.html","topicHref":"SMARTII.Domain.Case.html","topicUid":"SMARTII.Domain.Case","toc_title":"SMARTII.Domain.Case","level":1,"relative_path_in_depot":"api/SMARTII.Domain.Case.html","children":[{"href":"SMARTII.Domain.Case.CaseNotification.html","topicHref":"SMARTII.Domain.Case.CaseNotification.html","topicUid":"SMARTII.Domain.Case.CaseNotification","toc_title":"CaseNotification","level":2,"relative_path_in_depot":"api/SMARTII.Domain.Case.CaseNotification.html"},{"href":"SMARTII.Domain.Case.ComplaintSourceType.html","topicHref":"SMARTII.Domain.Case.ComplaintSourceType.html","topicUid":"SMARTII.Domain.Case.ComplaintSourceType","toc_title":"ComplaintSourceType","level":2,"relative_path_in_depot":"api/SMARTII.Domain.Case.ComplaintSourceType.html"},{"href":"SMARTII.Domain.Case.ComplaintTargetType.html","topicHref":"SMARTII.Domain.Case.ComplaintTargetType.html","topicUid":"SMARTII.Domain.Case.ComplaintTargetType","toc_title":"ComplaintTargetType","level":2,"relative_path_in_depot":"api/SMARTII.Domain.Case.ComplaintTargetType.html"},{"href":"SMARTII.Domain.Case.IComplaintSource.html","topicHref":"SMARTII.Domain.Case.IComplaintSource.html","topicUid":"SMARTII.Domain.Case.IComplaintSource","toc_title":"IComplaintSource","level":2,"relative_path_in_depot":"api/SMARTII.Domain.Case.IComplaintSource.html"},{"href":"SMARTII.Domain.Case.IComplaintTarget.html","topicHref":"SMARTII.Domain.Case.IComplaintTarget.html","topicUid":"SMARTII.Domain.Case.IComplaintTarget","toc_title":"IComplaintTarget","level":2,"relative_path_in_depot":"api/SMARTII.Domain.Case.IComplaintTarget.html"}]},{"href":"SMARTII.Domain.Mapper.html","topicHref":"SMARTII.Domain.Mapper.html","topicUid":"SMARTII.Domain.Mapper","toc_title":"SMARTII.Domain.Mapper","level":1,"relative_path_in_depot":"api/SMARTII.Domain.Mapper.html","children":[{"href":"SMARTII.Domain.Mapper.IProfileExpression.html","topicHref":"SMARTII.Domain.Mapper.IProfileExpression.html","topicUid":"SMARTII.Domain.Mapper.IProfileExpression","toc_title":"IProfileExpression","level":2,"relative_path_in_depot":"api/SMARTII.Domain.Mapper.IProfileExpression.html"}]},{"href":"SMARTII.Domain.Master.html","topicHref":"SMARTII.Domain.Master.html","topicUid":"SMARTII.Domain.Master","toc_title":"SMARTII.Domain.Master","level":1,"relative_path_in_depot":"api/SMARTII.Domain.Master.html","children":[{"href":"SMARTII.Domain.Master.Item.html","topicHref":"SMARTII.Domain.Master.Item.html","topicUid":"SMARTII.Domain.Master.Item","toc_title":"Item","level":2,"relative_path_in_depot":"api/SMARTII.Domain.Master.Item.html"}]},{"href":"SMARTII.Domain.Notification.html","topicHref":"SMARTII.Domain.Notification.html","topicUid":"SMARTII.Domain.Notification","toc_title":"SMARTII.Domain.Notification","level":1,"relative_path_in_depot":"api/SMARTII.Domain.Notification.html","children":[{"href":"SMARTII.Domain.Notification.Behavior.html","topicHref":"SMARTII.Domain.Notification.Behavior.html","topicUid":"SMARTII.Domain.Notification.Behavior","toc_title":"Behavior","level":2,"relative_path_in_depot":"api/SMARTII.Domain.Notification.Behavior.html"},{"href":"SMARTII.Domain.Notification.Group.html","topicHref":"SMARTII.Domain.Notification.Group.html","topicUid":"SMARTII.Domain.Notification.Group","toc_title":"Group","level":2,"relative_path_in_depot":"api/SMARTII.Domain.Notification.Group.html"},{"href":"SMARTII.Domain.Notification.GroupType.html","topicHref":"SMARTII.Domain.Notification.GroupType.html","topicUid":"SMARTII.Domain.Notification.GroupType","toc_title":"GroupType","level":2,"relative_path_in_depot":"api/SMARTII.Domain.Notification.GroupType.html"},{"href":"SMARTII.Domain.Notification.INotificationFactory.html","topicHref":"SMARTII.Domain.Notification.INotificationFactory.html","topicUid":"SMARTII.Domain.Notification.INotificationFactory","toc_title":"INotificationFactory","level":2,"relative_path_in_depot":"api/SMARTII.Domain.Notification.INotificationFactory.html"},{"href":"SMARTII.Domain.Notification.IPayload.html","topicHref":"SMARTII.Domain.Notification.IPayload.html","topicUid":"SMARTII.Domain.Notification.IPayload","toc_title":"IPayload","level":2,"relative_path_in_depot":"api/SMARTII.Domain.Notification.IPayload.html"}]},{"href":"SMARTII.Domain.Organization.html","topicHref":"SMARTII.Domain.Organization.html","topicUid":"SMARTII.Domain.Organization","toc_title":"SMARTII.Domain.Organization","level":1,"relative_path_in_depot":"api/SMARTII.Domain.Organization.html","children":[{"href":"SMARTII.Domain.Organization.BUNode.html","topicHref":"SMARTII.Domain.Organization.BUNode.html","topicUid":"SMARTII.Domain.Organization.BUNode","toc_title":"BUNode","level":2,"relative_path_in_depot":"api/SMARTII.Domain.Organization.BUNode.html"},{"href":"SMARTII.Domain.Organization.CCNode.html","topicHref":"SMARTII.Domain.Organization.CCNode.html","topicUid":"SMARTII.Domain.Organization.CCNode","toc_title":"CCNode","level":2,"relative_path_in_depot":"api/SMARTII.Domain.Organization.CCNode.html"},{"href":"SMARTII.Domain.Organization.IBusinessUnitNode.html","topicHref":"SMARTII.Domain.Organization.IBusinessUnitNode.html","topicUid":"SMARTII.Domain.Organization.IBusinessUnitNode","toc_title":"IBusinessUnitNode","level":2,"relative_path_in_depot":"api/SMARTII.Domain.Organization.IBusinessUnitNode.html"},{"href":"SMARTII.Domain.Organization.IOrganizationNode.html","topicHref":"SMARTII.Domain.Organization.IOrganizationNode.html","topicUid":"SMARTII.Domain.Organization.IOrganizationNode","toc_title":"IOrganizationNode","level":2,"relative_path_in_depot":"api/SMARTII.Domain.Organization.IOrganizationNode.html"},{"href":"SMARTII.Domain.Organization.Job.html","topicHref":"SMARTII.Domain.Organization.Job.html","topicUid":"SMARTII.Domain.Organization.Job","toc_title":"Job","level":2,"relative_path_in_depot":"api/SMARTII.Domain.Organization.Job.html"},{"href":"SMARTII.Domain.Organization.OrganizationType.html","topicHref":"SMARTII.Domain.Organization.OrganizationType.html","topicUid":"SMARTII.Domain.Organization.OrganizationType","toc_title":"OrganizationType","level":2,"relative_path_in_depot":"api/SMARTII.Domain.Organization.OrganizationType.html"},{"href":"SMARTII.Domain.Organization.Role.html","topicHref":"SMARTII.Domain.Organization.Role.html","topicUid":"SMARTII.Domain.Organization.Role","toc_title":"Role","level":2,"relative_path_in_depot":"api/SMARTII.Domain.Organization.Role.html"},{"href":"SMARTII.Domain.Organization.User.html","topicHref":"SMARTII.Domain.Organization.User.html","topicUid":"SMARTII.Domain.Organization.User","toc_title":"User","level":2,"relative_path_in_depot":"api/SMARTII.Domain.Organization.User.html"},{"href":"SMARTII.Domain.Organization.VendorNode.html","topicHref":"SMARTII.Domain.Organization.VendorNode.html","topicUid":"SMARTII.Domain.Organization.VendorNode","toc_title":"VendorNode","level":2,"relative_path_in_depot":"api/SMARTII.Domain.Organization.VendorNode.html"}]},{"href":"SMARTII.Domain.Security.html","topicHref":"SMARTII.Domain.Security.html","topicUid":"SMARTII.Domain.Security","toc_title":"SMARTII.Domain.Security","level":1,"relative_path_in_depot":"api/SMARTII.Domain.Security.html","children":[{"href":"SMARTII.Domain.Security.Config.html","topicHref":"SMARTII.Domain.Security.Config.html","topicUid":"SMARTII.Domain.Security.Config","toc_title":"Config","level":2,"relative_path_in_depot":"api/SMARTII.Domain.Security.Config.html"},{"href":"SMARTII.Domain.Security.PasswordQueue.html","topicHref":"SMARTII.Domain.Security.PasswordQueue.html","topicUid":"SMARTII.Domain.Security.PasswordQueue","toc_title":"PasswordQueue","level":2,"relative_path_in_depot":"api/SMARTII.Domain.Security.PasswordQueue.html"}]},{"href":"SMARTII.Domain.System.html","topicHref":"SMARTII.Domain.System.html","topicUid":"SMARTII.Domain.System","toc_title":"SMARTII.Domain.System","level":1,"relative_path_in_depot":"api/SMARTII.Domain.System.html","children":[{"href":"SMARTII.Domain.System.SystemFeature.html","topicHref":"SMARTII.Domain.System.SystemFeature.html","topicUid":"SMARTII.Domain.System.SystemFeature","toc_title":"SystemFeature","level":2,"relative_path_in_depot":"api/SMARTII.Domain.System.SystemFeature.html"},{"href":"SMARTII.Domain.System.SystemParameter.html","topicHref":"SMARTII.Domain.System.SystemParameter.html","topicUid":"SMARTII.Domain.System.SystemParameter","toc_title":"SystemParameter","level":2,"relative_path_in_depot":"api/SMARTII.Domain.System.SystemParameter.html"}]},{"href":"SMARTII.Domain.Test.html","topicHref":"SMARTII.Domain.Test.html","topicUid":"SMARTII.Domain.Test","toc_title":"SMARTII.Domain.Test","level":1,"relative_path_in_depot":"api/SMARTII.Domain.Test.html","children":[{"href":"SMARTII.Domain.Test.ItemTest.html","topicHref":"SMARTII.Domain.Test.ItemTest.html","topicUid":"SMARTII.Domain.Test.ItemTest","toc_title":"ItemTest","level":2,"relative_path_in_depot":"api/SMARTII.Domain.Test.ItemTest.html"}]},{"href":"SMARTII.Resource.Language.html","topicHref":"SMARTII.Resource.Language.html","topicUid":"SMARTII.Resource.Language","toc_title":"SMARTII.Resource.Language","level":1,"relative_path_in_depot":"api/SMARTII.Resource.Language.html","children":[{"href":"SMARTII.Resource.Language.Language.html","topicHref":"SMARTII.Resource.Language.Language.html","topicUid":"SMARTII.Resource.Language.Language","toc_title":"Language","level":2,"relative_path_in_depot":"api/SMARTII.Resource.Language.Language.html"}]},{"href":"SMARTII.Service.Notification.html","topicHref":"SMARTII.Service.Notification.html","topicUid":"SMARTII.Service.Notification","toc_title":"SMARTII.Service.Notification","level":1,"relative_path_in_depot":"api/SMARTII.Service.Notification.html","children":[{"href":"SMARTII.Service.Notification.EmailFactory.html","topicHref":"SMARTII.Service.Notification.EmailFactory.html","topicUid":"SMARTII.Service.Notification.EmailFactory","toc_title":"EmailFactory","level":2,"relative_path_in_depot":"api/SMARTII.Service.Notification.EmailFactory.html"},{"href":"SMARTII.Service.Notification.FacebookFactory.html","topicHref":"SMARTII.Service.Notification.FacebookFactory.html","topicUid":"SMARTII.Service.Notification.FacebookFactory","toc_title":"FacebookFactory","level":2,"relative_path_in_depot":"api/SMARTII.Service.Notification.FacebookFactory.html"},{"href":"SMARTII.Service.Notification.LineFactory.html","topicHref":"SMARTII.Service.Notification.LineFactory.html","topicUid":"SMARTII.Service.Notification.LineFactory","toc_title":"LineFactory","level":2,"relative_path_in_depot":"api/SMARTII.Service.Notification.LineFactory.html"},{"href":"SMARTII.Service.Notification.MobilePushFactory.html","topicHref":"SMARTII.Service.Notification.MobilePushFactory.html","topicUid":"SMARTII.Service.Notification.MobilePushFactory","toc_title":"MobilePushFactory","level":2,"relative_path_in_depot":"api/SMARTII.Service.Notification.MobilePushFactory.html"},{"href":"SMARTII.Service.Notification.SMSFactory.html","topicHref":"SMARTII.Service.Notification.SMSFactory.html","topicUid":"SMARTII.Service.Notification.SMSFactory","toc_title":"SMSFactory","level":2,"relative_path_in_depot":"api/SMARTII.Service.Notification.SMSFactory.html"},{"href":"SMARTII.Service.Notification.WebPushFactory.html","topicHref":"SMARTII.Service.Notification.WebPushFactory.html","topicUid":"SMARTII.Service.Notification.WebPushFactory","toc_title":"WebPushFactory","level":2,"relative_path_in_depot":"api/SMARTII.Service.Notification.WebPushFactory.html"}]}]