{
  "$schema": "../node_modules/@angular-devkit/schematics/collection-schema.json",
  "schematics": {
    "ng-add": {
      "description": "Add my library to the project.",
      "factory": "./schema/ng-add/index#ngAdd"
    },
    "master": {
      "description": "create master and ngrx store",
      "factory": "./schema/master/index#master",
      "schema": "./schema/master/schema.json"
    },
    "ngrx": {
      "description": "create ngrx store",
      "factory": "./schema/ngrx/index#ngrx",
      "schema": "./schema/ngrx/schema.json"
    },
    "class": {
      "aliases": ["cl"],
      "extends": "@schematics/angular:class"
    },
    "component": {
      "aliases": ["c"],
      "extends": "@schematics/angular:component"
    },

    "directive": {
      "aliases": ["d"],
      "extends": "@schematics/angular:directive"
    },

    "enum": {
      "aliases": ["e"],
      "extends": "@schematics/angular:enum"
    },

    "guard": {
      "aliases": ["g"],
      "extends": "@schematics/angular:guard"
    },

    "interface": {
      "aliases": ["i"],
      "extends": "@schematics/angular:interface"
    },

    "module": {
      "aliases": ["m"],
      "extends": "@schematics/angular:module"
    },

    "pipe": {
      "aliases": ["p"],
      "extends": "@schematics/angular:pipe"
    },

    "service": {
      "aliases": ["s"],
      "extends": "@schematics/angular:service"
    }
  }
}
