{
    "$schema": "http://json-schema.org/schema",
    "id": "SchematicsSchematicSchema",
    "title": "Schematic Options Schema",
    "type": "object",
    "properties": {      
      "parent": {
        "type": "string",
        "description": "The name for the new feature module.",
        "x-prompt" : "請輸入功能分類名稱 , ex : (member)"
      },
      "name": {
        "type": "string",
        "description": "The name for the new feature module.",
        "x-prompt" : "請輸入功能名稱 , ex : (member-auth)"
      },     
      "dir": {
        "type": "string",
        "format": "path",
        "description": "The path of the source directory.",
        "default": "src",
        "visible": false
      },
      "skipAddIndex":{
          "type": "boolean",
          "description": "跳過自動加入index檔案",
          "default": false,
          "alias": "skipIndex"
      },
      "ignoreEffect": {
          "type": "boolean",
          "description": "not create Effect File",
          "default": false,
          "alias": "noEff"
      }
    },
    "required": ["name"]
  }